{
  "name": "helix",
  "vertices": [
    [1, -1.5, 0],
    [0.9135454576426009, -1.4, 0.40673664307580015],
    [0.6691306063588582, -1.3, 0.7431448254773941],
    [0.30901699437494745, -1.2, 0.9510565162951535],
    [-0.10452846326765333, -1.1, 0.9945218953682734],
    [-0.4999999999999998, -1, 0.8660254037844387],
    [-0.8090169943749473, -0.8999999999999999, 0.5877852522924732],
    [-0.9781476007338057, -0.8, 0.20791169081775931],
    [-0.9781476007338057, -0.7, -0.20791169081775907],
    [-0.8090169943749476, -0.6000000000000001, -0.587785252292473],
    [-0.5000000000000004, -0.5, -0.8660254037844384],
    [-0.10452846326765423, -0.40000000000000013, -0.9945218953682733],
    [0.30901699437494723, -0.2999999999999998, -0.9510565162951536],
    [0.6691306063588585, -0.19999999999999996, -0.743144825477394],
    [0.913545457642601, -0.10000000000000009, -0.40673664307580015],
    [1, 0, -2.4492935982947064e-16],
    [0.9135454576426011, 0.10000000000000009, 0.4067366430757997],
    [0.6691306063588589, 0.19999999999999996, 0.7431448254773937],
    [0.30901699437494773, 0.2999999999999998, 0.9510565162951535],
    [-0.10452846326765287, 0.3999999999999999, 0.9945218953682734],
    [-0.4999999999999992, 0.5, 0.8660254037844392],
    [-0.8090169943749472, 0.5999999999999996, 0.5877852522924734],
    [-0.9781476007338054, 0.6999999999999997, 0.20791169081776084],
    [-0.9781476007338055, 0.8000000000000003, -0.20791169081776012],
    [-0.8090169943749477, 0.9000000000000004, -0.5877852522924728],
    [-0.49999999999999983, 1, -0.8660254037844387],
    [-0.10452846326765272, 1.1, -0.9945218953682734],
    [0.309016994374947, 1.2000000000000002, -0.9510565162951538],
    [0.6691306063588583, 1.2999999999999998, -0.7431448254773941],
    [0.9135454576426004, 1.4, -0.4067366430758012]
  ],
  "edges": [
    [0, 1],
    [1, 2],
    [2, 3],
    [3, 4],
    [4, 5],
    [5, 6],
    [6, 7],
    [7, 8],
    [8, 9],
    [9, 10],
    [10, 11],
    [11, 12],
    [12, 13],
    [13, 14],
    [14, 15],
    [15, 16],
    [16, 17],
    [17, 18],
    [18, 19],
    [19, 20],
    [20, 21],
    [21, 22],
    [22, 23],
    [23, 24],
    [24, 25],
    [25, 26],
    [26, 27],
    [27, 28],
    [28, 29]
  ],
  "alpha": 3,
  "beta": 6,
  "epsilon": 1e-10
}
