{
  "name": "junction-y",
  "vertices": [
    [0, 0, 0],
    [0.5, 0, 0.07191383079063045],
    [1, 0, 0.12622064772118446],
    [1.5, 0, 0.14962424799060817],
    [-0.25, 0.4330127018922193, 0.12622064772118446],
    [-0.5, 0.8660254037844386, 0.13639461402385225],
    [-0.75, 1.299038105676658, 0.021168001208980082],
    [-0.25, -0.4330127018922193, 0.14962424799060817],
    [-0.5, -0.8660254037844386, 0.021168001208980082],
    [-0.75, -1.299038105676658, -0.14662951764976453],
    [-1.2, -0.4, 0.35],
    [-0.4, -0.13, 0.35],
    [0.4, 0.13, 0.35],
    [1.2, 0.4, 0.35]
  ],
  "edges": [
    [0, 1],
    [1, 2],
    [2, 3],
    [0, 4],
    [4, 5],
    [5, 6],
    [0, 7],
    [7, 8],
    [8, 9],
    [10, 11],
    [11, 12],
    [12, 13]
  ],
  "alpha": 3,
  "beta": 6,
  "epsilon": 1e-10
}
