{
  "name": "linked-rings",
  "vertices": [
    [1, 0, 0],
    [0.9238795325112867, 0.3826834323650898, 0],
    [0.7071067811865476, 0.7071067811865475, 0],
    [0.38268343236508984, 0.9238795325112867, 0],
    [6.123233995736766e-17, 1, 0],
    [-0.3826834323650897, 0.9238795325112867, 0],
    [-0.7071067811865475, 0.7071067811865476, 0],
    [-0.9238795325112867, 0.3826834323650899, 0],
    [-1, 1.2246467991473532e-16, 0],
    [-0.9238795325112868, -0.38268343236508967, 0],
    [-0.7071067811865477, -0.7071067811865475, 0],
    [-0.38268343236509034, -0.9238795325112865, 0],
    [-1.8369701987210297e-16, -1, 0],
    [0.38268343236509, -0.9238795325112866, 0],
    [0.7071067811865474, -0.7071067811865477, 0],
    [0.9238795325112865, -0.3826834323650904, 0],
    [1.3, 0, 0],
    [1.2391036260090296, 0, 0.30614674589207186],
    [1.0656854249492382, 0, 0.565685424949238],
    [0.8061467458920719, 0, 0.7391036260090295],
    [0.5, 0, 0.8],
    [0.1938532541079282, 0, 0.7391036260090295],
    [-0.06568542494923801, 0, 0.5656854249492381],
    [-0.23910362600902946, 0, 0.3061467458920719],
    [-0.30000000000000004, 0, 9.797174393178826e-17],
    [-0.23910362600902957, 0, -0.30614674589207175],
    [-0.06568542494923812, 0, -0.565685424949238],
    [0.1938532541079277, 0, -0.7391036260090292],
    [0.49999999999999983, 0, -0.8],
    [0.806146745892072, 0, -0.7391036260090293],
    [1.0656854249492378, 0, -0.5656854249492381],
    [1.2391036260090291, 0, -0.30614674589207236]
  ],
  "edges": [
    [0, 1],
    [1, 2],
    [2, 3],
    [3, 4],
    [4, 5],
    [5, 6],
    [6, 7],
    [7, 8],
    [8, 9],
    [9, 10],
    [10, 11],
    [11, 12],
    [12, 13],
    [13, 14],
    [14, 15],
    [15, 0],
    [16, 17],
    [17, 18],
    [18, 19],
    [19, 20],
    [20, 21],
    [21, 22],
    [22, 23],
    [23, 24],
    [24, 25],
    [25, 26],
    [26, 27],
    [27, 28],
    [28, 29],
    [29, 30],
    [30, 31],
    [31, 16]
  ],
  "alpha": 3,
  "beta": 6,
  "epsilon": 1e-10
}
