{
  "C_stacked": [
    [
      1.5, 0.0, 0.0, 1.5, 0.5, 1.0, 1.0, 0.5, 0.0, 0.0, 0.0, 0.0, 0.0, 0.0, 0.0, 0.0, 0.0, 0.0, 0.0,
      0.0, 0.0, 0.0, 0.0, 0.0
    ],
    [
      0.0, 0.0, 0.0, 0.0, 0.0, 0.0, 0.0, 0.0, 0.5, 1.0, 1.0, 0.5, 1.5, 0.0, 0.0, 1.5, 0.0, 0.0, 0.0,
      0.0, 0.0, 0.0, 0.0, 0.0
    ],
    [
      -0.3, 0.0, 0.0, 0.3, 0.0, 0.0, 0.0, 0.0, 0.0, 0.0, 0.0, 0.0, 0.3, 0.0, 0.0, -0.3, 0.5, 1.0,
      1.0, 0.5, 0.5, 1.0, 1.0, 0.5
    ],
    [
      1.0, 0.0, 0.0, 0.0, 0.0, 0.0, 0.0, 0.0, 0.0, 0.0, 0.0, 0.0, 0.0, 0.0, 0.0, 0.0, 0.0, 0.0, 0.0,
      0.0, 0.0, 0.0, 0.0, 0.0
    ],
    [
      0.0, 0.0, 0.0, 0.0, 0.0, 0.0, 0.0, 0.0, 1.0, 0.0, 0.0, 0.0, 0.0, 0.0, 0.0, 0.0, 0.0, 0.0, 0.0,
      0.0, 0.0, 0.0, 0.0, 0.0
    ],
    [
      0.0, 0.0, 0.0, 0.0, 0.0, 0.0, 0.0, 0.0, 0.0, 0.0, 0.0, 0.0, 0.0, 0.0, 0.0, 0.0, 1.0, 0.0, 0.0,
      0.0, 0.0, 0.0, 0.0, 0.0
    ]
  ],
  "Phi_stacked": [0.0, 0.0, -1.1102230246251565e-16, 0.0, 0.0, 0.0],
  "alpha": 3.0,
  "beta": 6.0,
  "block_kinds": ["barycenter", "point"],
  "block_row_counts": [3, 3],
  "block_scales": [9.178235124467012, 3.0],
  "conventions": {
    "constraint_set": ["barycenter", "point"],
    "degenerate_unit_tangent_tol": 1e-14,
    "flattening": "coordinate-block: [x0..xN-1, y0..yN-1, z0..zN-1]",
    "per_block_projection_tolerance": "rule: spec \u00a73.3 (ours); value 1e-4: reference backproj_threshold (tpe_flow_sc.cpp:15)",
    "projection": "frozen",
    "row_order": "barycenter rows 0..2, point rows 3..5 (pinned vertex x,y,z)"
  },
  "dE": [
    [-0.7394135086435938, 5.266898028821743e-7, -0.6576679445480238],
    [2.7835823241950663, 4.74909001013657e-6, -1.2618281113319085],
    [-2.7835761722272423, 4.74909001013657e-6, -1.2618281113319085],
    [0.7394135033145233, 5.266898028821743e-7, -0.6576679441039346],
    [5.271338920920243e-7, -0.7394135086435938, 0.6576689277615344],
    [4.7482018317168695e-6, 2.7835823241950663, 1.2618302291933503],
    [4.74909001013657e-6, -2.7835761726713315, 1.2618302291933503],
    [5.271338920920243e-7, 0.7394135033145233, 0.6576689277615344]
  ],
  "dE_flat": [
    -0.7394135086435938, 2.7835823241950663, -2.7835761722272423, 0.7394135033145233,
    5.271338920920243e-7, 4.7482018317168695e-6, 4.74909001013657e-6, 5.271338920920243e-7,
    5.266898028821743e-7, 4.74909001013657e-6, 4.74909001013657e-6, 5.266898028821743e-7,
    -0.7394135086435938, 2.7835823241950663, -2.7835761726713315, 0.7394135033145233,
    -0.6576679445480238, -1.2618281113319085, -1.2618281113319085, -0.6576679441039346,
    0.6576689277615344, 1.2618302291933503, 1.2618302291933503, 0.6576689277615344
  ],
  "energy": 3.434074588325977,
  "epsilon": 1e-10,
  "finite_difference_h": 1e-6,
  "g_tilde": [
    [2.362343782304319e-17, -3.281588247291599e-17, 7.087031346912957e-17],
    [0.18943479679940925, 4.220724396092918e-7, -0.17258451584463852],
    [-0.186282725765045, 4.838631289685495e-7, -0.2358809649667012],
    [0.018454878191655685, 3.144448326250109e-7, -0.32210744948427017],
    [-0.009745021371167438, -0.07276631749845695, 0.22089374015801905],
    [-0.008968648006316114, 0.17537334263146012, 0.19337428990271807],
    [-0.008968647935696765, -0.17537261870846718, 0.19337428990271802],
    [-0.009745021319773846, 0.07276560872646698, 0.2208937401580189]
  ],
  "g_tilde_flat": [
    2.362343782304319e-17, 0.18943479679940925, -0.186282725765045, 0.018454878191655685,
    -0.009745021371167438, -0.008968648006316114, -0.008968647935696765, -0.009745021319773846,
    -3.281588247291599e-17, 4.220724396092918e-7, 4.838631289685495e-7, 3.144448326250109e-7,
    -0.07276631749845695, 0.17537334263146012, -0.17537261870846718, 0.07276560872646698,
    7.087031346912957e-17, -0.17258451584463852, -0.2358809649667012, -0.32210744948427017,
    0.22089374015801905, 0.19337428990271807, 0.19337428990271802, 0.2208937401580189
  ],
  "gradient_l2_norm": 0.631428778187462,
  "lambda": [
    0.0354657966973315, 2.604982397443984e-6, 0.18231474740298015, -0.21277808198560894,
    1.0678599065807802e-6, -1.0938822818238874
  ],
  "line_search_step": {
    "accepted": true,
    "direction": [
      [3.7412672084498715e-17, -5.197083757746219e-17, 1.1223801625349615e-16],
      [0.30000976094752657, 6.684402963400959e-7, -0.2733238043727565],
      [-0.29501779488064506, 7.66298822105472e-7, -0.3735670167644332],
      [0.02922717308614132, 4.979893908662757e-7, -0.5101247529592976],
      [-0.01543328671072113, -0.11524073658368117, 0.34983160063135244],
      [-0.014203736535513831, 0.27774049693280584, 0.3062487751315447],
      [-0.01420373642367327, -0.27773935044880327, 0.30624877513154464],
      [-0.01543328662932859, 0.11523961409447184, 0.3498316006313522]
    ],
    "energy_after": 0.9678130973785399,
    "energy_before": 3.434074588325977,
    "gradient_l2_norm": 0.631428778187462,
    "projection_iterations": 2,
    "projection_phi_norm": 0.0003463903884886042,
    "slope": 5.779332039593416,
    "tau": 1.0,
    "vertices": [
      [-1.5, -2.2522238603682867e-21, 0.3],
      [-0.7942584591349546, -6.300541160657804e-7, 0.5550767404011269],
      [0.8027944859522917, -7.16007135699839e-7, 0.6496607677755291],
      [1.4810797711027077, -4.3740380882054383e-7, 0.781325891769492],
      [0.024579968034771374, -1.386199147972178, -0.6752963337289543],
      [0.023187064018017973, -0.7780234050772997, -0.631357264953155],
      [0.023187063906177408, 0.7780223608060368, -0.631357264953155],
      [0.024579967953378832, 1.3862003874686495, -0.675296333728954]
    ]
  },
  "pin_target": [-1.5, 0.0, 0.3],
  "pin_vertex_index": 0,
  "saddle_relative_residual": 2.224263484483204e-16,
  "x0_barycenter_target": [0.0, 0.0, -1.850371707708594e-17]
}
