{
  "C_stacked": [
    [
      1.5, 0.0, 0.0, 1.5, 0.5, 1.0, 1.0, 0.5, 0.0, 0.0, 0.0, 0.0, 0.0, 0.0, 0.0, 0.0, 0.0, 0.0, 0.0,
      0.0, 0.0, 0.0, 0.0, 0.0
    ],
    [
      0.0, 0.0, 0.0, 0.0, 0.0, 0.0, 0.0, 0.0, 0.5, 1.0, 1.0, 0.5, 1.5, 0.0, 0.0, 1.5, 0.0, 0.0, 0.0,
      0.0, 0.0, 0.0, 0.0, 0.0
    ],
    [
      -0.3, 0.0, 0.0, 0.3, 0.0, 0.0, 0.0, 0.0, 0.0, 0.0, 0.0, 0.0, 0.3, 0.0, 0.0, -0.3, 0.5, 1.0,
      1.0, 0.5, 0.5, 1.0, 1.0, 0.5
    ],
    [
      1.0, -1.0, 0.0, 0.0, 0.0, 0.0, 0.0, 0.0, 0.0, 0.0, 0.0, 0.0, 0.0, 0.0, 0.0, 0.0, 0.0, 0.0,
      0.0, 0.0, 0.0, 0.0, 0.0, 0.0
    ],
    [
      0.0, 1.0, -1.0, 0.0, 0.0, 0.0, 0.0, 0.0, 0.0, 0.0, 0.0, 0.0, 0.0, 0.0, 0.0, 0.0, 0.0, 0.0,
      0.0, 0.0, 0.0, 0.0, 0.0, 0.0
    ],
    [
      0.0, 0.0, 1.0, -1.0, 0.0, 0.0, 0.0, 0.0, 0.0, 0.0, 0.0, 0.0, 0.0, 0.0, 0.0, 0.0, 0.0, 0.0,
      0.0, 0.0, 0.0, 0.0, 0.0, 0.0
    ],
    [
      0.0, 0.0, 0.0, 0.0, 0.0, 0.0, 0.0, 0.0, 0.0, 0.0, 0.0, 0.0, 1.0, -1.0, 0.0, 0.0, 0.0, 0.0,
      0.0, 0.0, 0.0, 0.0, 0.0, 0.0
    ],
    [
      0.0, 0.0, 0.0, 0.0, 0.0, 0.0, 0.0, 0.0, 0.0, 0.0, 0.0, 0.0, 0.0, 1.0, -1.0, 0.0, 0.0, 0.0,
      0.0, 0.0, 0.0, 0.0, 0.0, 0.0
    ],
    [
      0.0, 0.0, 0.0, 0.0, 0.0, 0.0, 0.0, 0.0, 0.0, 0.0, 0.0, 0.0, 0.0, 0.0, 1.0, -1.0, 0.0, 0.0,
      0.0, 0.0, 0.0, 0.0, 0.0, 0.0
    ]
  ],
  "Phi_stacked": [0.0, 0.0, -1.1102230246251565e-16, 0.0, 0.0, 0.0, 0.0, 0.0, 0.0],
  "alpha": 3.0,
  "beta": 6.0,
  "block_kinds": ["barycenter", "edgeLengths"],
  "block_row_counts": [3, 6],
  "block_scales": [9.178235124467012, 6.0],
  "conventions": {
    "constraint_set": ["barycenter", "edgeLengths"],
    "degenerate_unit_tangent_tol": 1e-14,
    "flattening": "coordinate-block: [x0..xN-1, y0..yN-1, z0..zN-1]",
    "per_block_projection_tolerance": "rule: spec \u00a73.3 (ours); value 1e-4: reference backproj_threshold (tpe_flow_sc.cpp:15)",
    "projection": "frozen",
    "row_order": "barycenter rows 0..2, edgeLengths rows 3..2+|E| (edge order)"
  },
  "dE": [
    [-0.7394135086435938, 5.266898028821743e-7, -0.6576679445480238],
    [2.7835823241950663, 4.74909001013657e-6, -1.2618281113319085],
    [-2.7835761722272423, 4.74909001013657e-6, -1.2618281113319085],
    [0.7394135033145233, 5.266898028821743e-7, -0.6576679441039346],
    [5.271338920920243e-7, -0.7394135086435938, 0.6576689277615344],
    [4.7482018317168695e-6, 2.7835823241950663, 1.2618302291933503],
    [4.74909001013657e-6, -2.7835761726713315, 1.2618302291933503],
    [5.271338920920243e-7, 0.7394135033145233, 0.6576689277615344]
  ],
  "dE_flat": [
    -0.7394135086435938, 2.7835823241950663, -2.7835761722272423, 0.7394135033145233,
    5.271338920920243e-7, 4.7482018317168695e-6, 4.74909001013657e-6, 5.271338920920243e-7,
    5.266898028821743e-7, 4.74909001013657e-6, 4.74909001013657e-6, 5.266898028821743e-7,
    -0.7394135086435938, 2.7835823241950663, -2.7835761726713315, 0.7394135033145233,
    -0.6576679445480238, -1.2618281113319085, -1.2618281113319085, -0.6576679441039346,
    0.6576689277615344, 1.2618302291933503, 1.2618302291933503, 0.6576689277615344
  ],
  "ell0_edge_length_targets": [1.0, 1.0, 1.0, 1.0, 1.0, 1.0],
  "energy": 3.434074588325977,
  "epsilon": 1e-10,
  "finite_difference_h": 1e-6,
  "g_tilde": [
    [-1.2326131670165762e-7, -2.52109254624634e-8, -0.25285493907134915],
    [-1.2326131671366831e-7, 1.975125712952434e-7, -0.2213509946075434],
    [-1.2326131665854497e-7, 1.9751257129524337e-7, -0.22135099458184654],
    [-1.232613166691083e-7, -2.5210925462463286e-8, -0.2528549389405814],
    [-2.5190398484144694e-8, -1.2327140567498486e-7, 0.2528549325002157],
    [1.9743901616788392e-7, -1.232714056951175e-7, 0.22135099784756965],
    [1.9750963551233913e-7, -1.2327140569045883e-7, 0.22135099784756956],
    [-2.5139004887444316e-8, -1.232714057165277e-7, 0.2528549325002155]
  ],
  "g_tilde_flat": [
    -1.2326131670165762e-7, -1.2326131671366831e-7, -1.2326131665854497e-7, -1.232613166691083e-7,
    -2.5190398484144694e-8, 1.9743901616788392e-7, 1.9750963551233913e-7, -2.5139004887444316e-8,
    -2.52109254624634e-8, 1.975125712952434e-7, 1.9751257129524337e-7, -2.5210925462463286e-8,
    -1.2327140567498486e-7, -1.232714056951175e-7, -1.2327140569045883e-7, -1.232714057165277e-7,
    -0.25285493907134915, -0.2213509946075434, -0.22135099458184654, -0.2528549389405814,
    0.2528549325002157, 0.22135099784756965, 0.22135099784756956, 0.2528549325002155
  ],
  "gradient_l2_norm": 0.5690837295003244,
  "lambda": [
    2.783033063289382e-6, 2.782959048412282e-6, 1.0337656655880942e-6, -0.7394170891852214,
    2.044166052361796, -0.7394093025134963, -0.7394177093050301, 2.0441654323244407,
    -0.7394099229124863
  ],
  "line_search_step": {
    "accepted": true,
    "direction": [
      [-2.1659610055955283e-7, -4.43009071522735e-8, -0.4443193961868576],
      [-2.1659610058065814e-7, 3.470711971833502e-7, -0.38896032891662075],
      [-2.1659610048379481e-7, 3.470711971833501e-7, -0.388960328871466],
      [-2.165961005023568e-7, -4.4300907152273304e-8, -0.4443193959570712],
      [-4.4264836927006774e-8, -2.1661382901110442e-7, 0.4443193846399918],
      [3.4694194532892785e-7, -2.1661382904648167e-7, 0.38896033461002943],
      [3.4706603839431424e-7, -2.1661382903829544e-7, 0.38896033461002927],
      [-4.417452755065981e-8, -2.1661382908410394e-7, 0.4443193846399915]
    ],
    "energy_after": 1.1657222523493365,
    "energy_before": 3.434074588325977,
    "gradient_l2_norm": 0.5690837295003244,
    "projection_iterations": 1,
    "projection_phi_norm": 4.688776975297833e-6,
    "slope": 3.132065324960159,
    "tau": 1.0,
    "vertices": [
      [-1.4984686424704274, 4.426761578263152e-8, 0.7443193960537624],
      [-0.49999978343868695, -3.4710448855298827e-7, 0.6889603287835255],
      [0.500000216561313, -3.4710448855300553e-7, 0.6889603287383708],
      [1.498469075603259, 4.4267615782618185e-8, 0.744319395823976],
      [4.4231366258839046e-8, -1.498468643404149, -0.744319384773087],
      [-3.469754168157133e-7, -0.49999978341946233, -0.6889603347431247],
      [-3.47099509881105e-7, 0.5000002165805376, -0.6889603347431245],
      [4.4141056882521255e-8, 1.4984690765652244, -0.7443193847730867]
    ]
  },
  "saddle_relative_residual": 1.6975132190021336e-16,
  "x0_barycenter_target": [0.0, 0.0, -1.850371707708594e-17]
}
