{
  "C_stacked": [
    [
      1.5, 0.0, 0.0, 1.5, 0.5, 1.0, 1.0, 0.5, 0.0, 0.0, 0.0, 0.0, 0.0, 0.0, 0.0, 0.0, 0.0, 0.0, 0.0,
      0.0, 0.0, 0.0, 0.0, 0.0
    ],
    [
      0.0, 0.0, 0.0, 0.0, 0.0, 0.0, 0.0, 0.0, 0.5, 1.0, 1.0, 0.5, 1.5, 0.0, 0.0, 1.5, 0.0, 0.0, 0.0,
      0.0, 0.0, 0.0, 0.0, 0.0
    ],
    [
      -0.3, 0.0, 0.0, 0.3, 0.0, 0.0, 0.0, 0.0, 0.0, 0.0, 0.0, 0.0, 0.3, 0.0, 0.0, -0.3, 0.5, 1.0,
      1.0, 0.5, 0.5, 1.0, 1.0, 0.5
    ],
    [
      1.0, 0.0, 0.0, 0.0, 0.0, 0.0, 0.0, 0.0, 0.0, 0.0, 0.0, 0.0, 0.0, 0.0, 0.0, 0.0, 0.0, 0.0, 0.0,
      0.0, 0.0, 0.0, 0.0, 0.0
    ],
    [
      0.0, 0.0, 0.0, 0.0, 0.0, 0.0, 0.0, 0.0, 1.0, 0.0, 0.0, 0.0, 0.0, 0.0, 0.0, 0.0, 0.0, 0.0, 0.0,
      0.0, 0.0, 0.0, 0.0, 0.0
    ],
    [
      0.0, 0.0, 0.0, 0.0, 0.0, 0.0, 0.0, 0.0, 0.0, 0.0, 0.0, 0.0, 0.0, 0.0, 0.0, 0.0, 1.0, 0.0, 0.0,
      0.0, 0.0, 0.0, 0.0, 0.0
    ]
  ],
  "Phi_stacked": [0.0, 0.0, -1.1102230246251565e-16, 0.0, 0.0, 0.0],
  "alpha": 3.0,
  "beta": 6.0,
  "block_kinds": ["barycenter", "point"],
  "block_row_counts": [3, 3],
  "block_scales": [9.178235124467012, 3.0],
  "conventions": {
    "constraint_set": ["barycenter", "point"],
    "degenerate_unit_tangent_tol": 1e-14,
    "flattening": "coordinate-block: [x0..xN-1, y0..yN-1, z0..zN-1]",
    "per_block_projection_tolerance": "spec \u00a73.3 (our invention, not paper)",
    "row_order": "barycenter rows 0..2, point rows 3..5 (pinned vertex x,y,z)"
  },
  "dE": [
    [-0.7394135086435938, 5.266898028821743e-7, -0.6576679445480238],
    [2.7835823241950663, 4.74909001013657e-6, -1.2618281113319085],
    [-2.7835761722272423, 4.74909001013657e-6, -1.2618281113319085],
    [0.7394135033145233, 5.266898028821743e-7, -0.6576679441039346],
    [5.271338920920243e-7, -0.7394135086435938, 0.6576689277615344],
    [4.7482018317168695e-6, 2.7835823241950663, 1.2618302291933503],
    [4.74909001013657e-6, -2.7835761726713315, 1.2618302291933503],
    [5.271338920920243e-7, 0.7394135033145233, 0.6576689277615344]
  ],
  "dE_flat": [
    -0.7394135086435938, 2.7835823241950663, -2.7835761722272423, 0.7394135033145233,
    5.271338920920243e-7, 4.7482018317168695e-6, 4.74909001013657e-6, 5.271338920920243e-7,
    5.266898028821743e-7, 4.74909001013657e-6, 4.74909001013657e-6, 5.266898028821743e-7,
    -0.7394135086435938, 2.7835823241950663, -2.7835761726713315, 0.7394135033145233,
    -0.6576679445480238, -1.2618281113319085, -1.2618281113319085, -0.6576679441039346,
    0.6576689277615344, 1.2618302291933503, 1.2618302291933503, 0.6576689277615344
  ],
  "energy": 3.434074588325977,
  "epsilon": 1e-10,
  "finite_difference_h": 1e-6,
  "g_tilde": [
    [2.190088388420719e-17, 3.501951841304498e-20, -2.7755575615628914e-17],
    [0.18943479679940922, 4.2207243963319305e-7, -0.17258451584463852],
    [-0.18628272576504507, 4.838631289959084e-7, -0.23588096496670113],
    [0.0184548781916557, 3.1444483265105457e-7, -0.32210744948427006],
    [-0.009745021371167471, -0.07276631749845695, 0.2208937401580191],
    [-0.008968648006316136, 0.17537334263146018, 0.19337428990271813],
    [-0.008968647935696782, -0.17537261870846713, 0.19337428990271807],
    [-0.009745021319773868, 0.07276560872646701, 0.22089374015801905]
  ],
  "g_tilde_flat": [
    2.190088388420719e-17, 0.18943479679940922, -0.18628272576504507, 0.0184548781916557,
    -0.009745021371167471, -0.008968648006316136, -0.008968647935696782, -0.009745021319773868,
    3.501951841304498e-20, 4.2207243963319305e-7, 4.838631289959084e-7, 3.1444483265105457e-7,
    -0.07276631749845695, 0.17537334263146018, -0.17537261870846713, 0.07276560872646701,
    -2.7755575615628914e-17, -0.17258451584463852, -0.23588096496670113, -0.32210744948427006,
    0.2208937401580191, 0.19337428990271813, 0.19337428990271807, 0.22089374015801905
  ],
  "gradient_l2_norm": 0.631428778187462,
  "lambda": [
    0.03546579669733152, 2.6049823975317855e-6, 0.1823147474029802, -0.21277808198560913,
    1.0678599065177193e-6, -1.093882281823887
  ],
  "line_search_step": {
    "accepted": true,
    "direction": [
      [3.468464637781387e-17, 5.54607576068511e-20, -4.3956779567922526e-17],
      [0.3000097609475265, 6.684402963779485e-7, -0.2733238043727565],
      [-0.29501779488064517, 7.662988221488006e-7, -0.3735670167644331],
      [0.02922717308614134, 4.979893909075212e-7, -0.5101247529592974],
      [-0.015433286710721182, -0.11524073658368117, 0.34983160063135255],
      [-0.014203736535513867, 0.2777404969328059, 0.3062487751315448],
      [-0.014203736423673298, -0.2777393504488032, 0.3062487751315447],
      [-0.015433286629328627, 0.11523961409447188, 0.34983160063135244]
    ],
    "energy_after": 0.9623735645055975,
    "energy_before": 3.434074588325977,
    "gradient_l2_norm": 0.631428778187462,
    "projection_iterations": 2,
    "projection_phi_norm": 1.1520400756375897e-10,
    "slope": 5.779332039593417,
    "tau": 1.0,
    "vertices": [
      [-1.5, -2.282537454603339e-22, 0.3],
      [-0.7963386569492958, -6.432582271981581e-7, 0.5614418787961083],
      [0.8019543798702755, -7.167644923375335e-7, 0.6503846115984261],
      [1.4785249626276147, -4.4212348301492877e-7, 0.784029845089403],
      [0.026565187811611046, -1.3871667531926655, -0.6778123176936784],
      [0.025295183371791395, -0.7789113084172204, -0.6341069524701615],
      [0.025295182762210728, 0.7789102782433982, -0.6341069495813122],
      [0.02656518684389277, 1.3871680045871488, -0.6778123132139888]
    ]
  },
  "pin_target": [-1.5, 0.0, 0.3],
  "pin_vertex_index": 0,
  "saddle_relative_residual": 1.6457512135119108e-16,
  "x0_barycenter_target": [0.0, 0.0, -1.850371707708594e-17]
}
