{
  "C_stacked": [
    [
      1.5, 0.0, 0.0, 1.5, 0.5, 1.0, 1.0, 0.5, 0.0, 0.0, 0.0, 0.0, 0.0, 0.0, 0.0, 0.0, 0.0, 0.0, 0.0,
      0.0, 0.0, 0.0, 0.0, 0.0
    ],
    [
      0.0, 0.0, 0.0, 0.0, 0.0, 0.0, 0.0, 0.0, 0.5, 1.0, 1.0, 0.5, 1.5, 0.0, 0.0, 1.5, 0.0, 0.0, 0.0,
      0.0, 0.0, 0.0, 0.0, 0.0
    ],
    [
      -0.3, 0.0, 0.0, 0.3, 0.0, 0.0, 0.0, 0.0, 0.0, 0.0, 0.0, 0.0, 0.3, 0.0, 0.0, -0.3, 0.5, 1.0,
      1.0, 0.5, 0.5, 1.0, 1.0, 0.5
    ],
    [
      1.0, 0.0, 0.0, -1.0, 0.0, 0.0, 0.0, 0.0, 0.0, 0.0, 0.0, 0.0, 1.0, 0.0, 0.0, -1.0, 0.0, 0.0,
      0.0, 0.0, 0.0, 0.0, 0.0, 0.0
    ]
  ],
  "L0_total_length_target": 6.0,
  "Phi_stacked": [0.0, 0.0, -1.1102230246251565e-16, 0.0],
  "alpha": 3.0,
  "beta": 6.0,
  "block_kinds": ["barycenter", "totalLength"],
  "block_row_counts": [3, 1],
  "block_scales": [9.178235124467012, 6.0],
  "conventions": {
    "constraint_set": ["barycenter", "totalLength"],
    "degenerate_unit_tangent_tol": 1e-14,
    "flattening": "coordinate-block: [x0..xN-1, y0..yN-1, z0..zN-1]",
    "per_block_projection_tolerance": "rule: spec \u00a73.3 (ours); value 1e-4: reference backproj_threshold (tpe_flow_sc.cpp:15)",
    "projection": "frozen",
    "row_order": "barycenter rows 0..2, totalLength row 3"
  },
  "dE": [
    [-0.7394135086435938, 5.266898028821743e-7, -0.6576679445480238],
    [2.7835823241950663, 4.74909001013657e-6, -1.2618281113319085],
    [-2.7835761722272423, 4.74909001013657e-6, -1.2618281113319085],
    [0.7394135033145233, 5.266898028821743e-7, -0.6576679441039346],
    [5.271338920920243e-7, -0.7394135086435938, 0.6576689277615344],
    [4.7482018317168695e-6, 2.7835823241950663, 1.2618302291933503],
    [4.74909001013657e-6, -2.7835761726713315, 1.2618302291933503],
    [5.271338920920243e-7, 0.7394135033145233, 0.6576689277615344]
  ],
  "dE_flat": [
    -0.7394135086435938, 2.7835823241950663, -2.7835761722272423, 0.7394135033145233,
    5.271338920920243e-7, 4.7482018317168695e-6, 4.74909001013657e-6, 5.271338920920243e-7,
    5.266898028821743e-7, 4.74909001013657e-6, 4.74909001013657e-6, 5.266898028821743e-7,
    -0.7394135086435938, 2.7835823241950663, -2.7835761726713315, 0.7394135033145233,
    -0.6576679445480238, -1.2618281113319085, -1.2618281113319085, -0.6576679441039346,
    0.6576689277615344, 1.2618302291933503, 1.2618302291933503, 0.6576689277615344
  ],
  "energy": 3.434074588325977,
  "epsilon": 1e-10,
  "finite_difference_h": 1e-6,
  "g_tilde": [
    [-3.1197894888739043e-7, 2.547311282260236e-7, -0.2528549208083128],
    [0.18967238938104056, 4.775757048790859e-7, -0.22135097634450707],
    [-0.18967168643524263, 4.775757048808747e-7, -0.2213509763188103],
    [-4.946093121994443e-7, 2.5473112822204473e-7, -0.25285492067754517],
    [2.547616925579189e-7, -4.946093610351442e-7, 0.252854950763252],
    [4.775121914436146e-7, 0.18967235348087014, 0.22135101611060598],
    [4.775828107881591e-7, -0.1896716505892922, 0.2213510161106059],
    [2.5481308614723075e-7, -3.1197899764783407e-7, 0.25285495076325193]
  ],
  "g_tilde_flat": [
    -3.1197894888739043e-7, 0.18967238938104056, -0.18967168643524263, -4.946093121994443e-7,
    2.547616925579189e-7, 4.775121914436146e-7, 4.775828107881591e-7, 2.5481308614723075e-7,
    2.547311282260236e-7, 4.775757048790859e-7, 4.775757048808747e-7, 2.5473112822204473e-7,
    -4.946093610351442e-7, 0.18967235348087014, -0.1896716505892922, -3.1197899764783407e-7,
    -0.2528549208083128, -0.22135097634450707, -0.2213509763188103, -0.25285492067754517,
    0.252854950763252, 0.22135101611060598, 0.2213510161106059, 0.25285495076325193
  ],
  "gradient_l2_norm": 0.6839284990582545,
  "lambda": [
    2.7830330633523505e-6, 2.782959048568047e-6, 1.0337656655886225e-6, -0.19242000256659475
  ],
  "line_search_step": {
    "accepted": true,
    "direction": [
      [-4.561572581300158e-7, 3.724528639715693e-7, -0.36970958390604447],
      [0.27732780494190956, 6.982830888560586e-7, -0.3236463704163514],
      [-0.27732677713593434, 6.982830888586742e-7, -0.3236463703787791],
      [-7.231886269990268e-7, 3.724528639657516e-7, -0.36970958371484375],
      [3.724975533388604e-7, -7.231886984037132e-7, 0.36970962770439364],
      [6.98190223248676e-7, 0.27732775245079316, 0.32364642856000087],
      [6.982934786981005e-7, -0.27732672472409525, 0.32364642856000075],
      [3.7257269802047935e-7, -4.5615732942466677e-7, 0.36970962770439353]
    ],
    "energy_after": 0.9612677707515033,
    "energy_before": 3.434074588325977,
    "gradient_l2_norm": 0.6839284990582545,
    "projection_iterations": 1,
    "projection_phi_norm": 9.56134202935621e-6,
    "slope": 5.69398090101879,
    "tau": 1.0,
    "vertices": [
      [-1.498532979901424, -3.5630108888772627e-7, 0.6697095540332373],
      [-0.7770396015200683, -6.82131313772202e-7, 0.6236463405435442],
      [0.7770386060098304, -6.821313137748352e-7, 0.6236463405059719],
      [1.4985341915430463, -3.5630108888194347e-7, 0.6697095538420365],
      [-3.5634968471239976e-7, -1.4985327128660773, -0.6697096575772009],
      [-6.820423546222137e-7, -0.7770395490250455, -0.6236464584328081],
      [-6.821456100716311e-7, 0.7770385536018978, -0.623646458432808],
      [-3.564248293939989e-7, 1.4985339245156553, -0.6697096575772007]
    ]
  },
  "saddle_relative_residual": 1.4137484910275743e-16,
  "x0_barycenter_target": [0.0, 0.0, -1.850371707708594e-17]
}
