{
  "C_stacked": [
    [
      1.5, 0.0, 0.0, 1.5, 0.5, 1.0, 1.0, 0.5, 0.0, 0.0, 0.0, 0.0, 0.0, 0.0, 0.0, 0.0, 0.0, 0.0, 0.0,
      0.0, 0.0, 0.0, 0.0, 0.0
    ],
    [
      0.0, 0.0, 0.0, 0.0, 0.0, 0.0, 0.0, 0.0, 0.5, 1.0, 1.0, 0.5, 1.5, 0.0, 0.0, 1.5, 0.0, 0.0, 0.0,
      0.0, 0.0, 0.0, 0.0, 0.0
    ],
    [
      -0.3, 0.0, 0.0, 0.3, 0.0, 0.0, 0.0, 0.0, 0.0, 0.0, 0.0, 0.0, 0.3, 0.0, 0.0, -0.3, 0.5, 1.0,
      1.0, 0.5, 0.5, 1.0, 1.0, 0.5
    ]
  ],
  "Phi_stacked": [0.0, 0.0, -1.1102230246251565e-16],
  "alpha": 3.0,
  "beta": 6.0,
  "block_kinds": ["barycenter"],
  "block_row_counts": [3],
  "block_scales": [9.178235124467012],
  "conventions": {
    "constraint_set": ["barycenter"],
    "degenerate_unit_tangent_tol": 1e-14,
    "flattening": "coordinate-block: [x0..xN-1, y0..yN-1, z0..zN-1]",
    "penalties": "objective = E_tpe + penalties; dE/dE_flat are the TOTAL differential (docs/superpowers/plans/2026-07-03-sobolev-penalties.md \u00a72.4)",
    "per_block_projection_tolerance": "rule: spec \u00a73.3 (ours); value 1e-4: reference backproj_threshold (tpe_flow_sc.cpp:15)",
    "row_order": "barycenter rows 0..2 (only block)"
  },
  "dE": [
    [-1.2394135086435938, 5.266898028821743e-7, -0.6576679445480238],
    [2.7835823241950663, 4.74909001013657e-6, -1.2618281113319085],
    [-2.7835761722272423, 4.74909001013657e-6, -1.2618281113319085],
    [1.2394135033145233, 5.266898028821743e-7, -0.6576679441039346],
    [5.271338920920243e-7, -1.2394135086435938, 0.6576689277615344],
    [4.7482018317168695e-6, 2.7835823241950663, 1.2618302291933503],
    [4.74909001013657e-6, -2.7835761726713315, 1.2618302291933503],
    [5.271338920920243e-7, 1.2394135033145233, 0.6576689277615344]
  ],
  "dE_flat": [
    -1.2394135086435938, 2.7835823241950663, -2.7835761722272423, 1.2394135033145233,
    5.271338920920243e-7, 4.7482018317168695e-6, 4.74909001013657e-6, 5.271338920920243e-7,
    5.266898028821743e-7, 4.74909001013657e-6, 4.74909001013657e-6, 5.266898028821743e-7,
    -1.2394135086435938, 2.7835823241950663, -2.7835761726713315, 1.2394135033145233,
    -0.6576679445480238, -1.2618281113319085, -1.2618281113319085, -0.6576679441039346,
    0.6576689277615344, 1.2618302291933503, 1.2618302291933503, 0.6576689277615344
  ],
  "dE_penalty_flat": [
    -0.5, 0.0, 0.0, 0.5, 0.0, 0.0, 0.0, 0.0, 0.0, 0.0, 0.0, 0.0, -0.5, 0.0, 0.0, 0.5, 0.0, 0.0, 0.0,
    0.0, 0.0, 0.0, 0.0, 0.0
  ],
  "dE_tpe_flat": [
    -0.7394135086435938, 2.7835823241950663, -2.7835761722272423, 0.7394135033145233,
    5.271338920920243e-7, 4.7482018317168695e-6, 4.74909001013657e-6, 5.271338920920243e-7,
    5.266898028821743e-7, 4.74909001013657e-6, 4.74909001013657e-6, 5.266898028821743e-7,
    -0.7394135086435938, 2.7835823241950663, -2.7835761726713315, 0.7394135033145233,
    -0.6576679445480238, -1.2618281113319085, -1.2618281113319085, -0.6576679441039346,
    0.6576689277615344, 1.2618302291933503, 1.2618302291933503, 0.6576689277615344
  ],
  "energy": 3.434074588325977,
  "epsilon": 1e-10,
  "finite_difference_h": 1e-6,
  "g_tilde": [
    [-0.20389212446656696, 2.547311282225393e-7, -0.2528549208083127],
    [0.1496061699993063, 4.77575704870686e-7, -0.22135097634450693],
    [-0.1496054670535084, 4.775757048706859e-7, -0.2213509763188101],
    [0.2038913178783059, 2.5473112822253924e-7, -0.252854920677545],
    [2.5476169256133385e-7, -0.20389230709697914, 0.25285495076325215],
    [4.775121914457294e-7, 0.14960613409913587, 0.2213510161106061],
    [4.775828107990909e-7, -0.14960543120755787, 0.22135101611060604],
    [2.548130861553975e-7, 0.20389150050862048, 0.25285495076325204]
  ],
  "g_tilde_flat": [
    -0.20389212446656696, 0.1496061699993063, -0.1496054670535084, 0.2038913178783059,
    2.5476169256133385e-7, 4.775121914457294e-7, 4.775828107990909e-7, 2.548130861553975e-7,
    2.547311282225393e-7, 4.77575704870686e-7, 4.775757048706859e-7, 2.5473112822253924e-7,
    -0.20389230709697914, 0.14960613409913587, -0.14960543120755787, 0.20389150050862048,
    -0.2528549208083127, -0.22135097634450693, -0.2213509763188101, -0.252854920677545,
    0.25285495076325215, 0.2213510161106061, 0.22135101611060604, 0.25285495076325204
  ],
  "gradient_l2_norm": 0.704647156996433,
  "lambda": [2.783033063298211e-6, 2.782959048611102e-6, 1.0337656657488979e-6],
  "line_search_step": {
    "accepted": true,
    "direction": [
      [-0.28935350471810545, 3.6150167597118224e-7, -0.35883905625350115],
      [0.21231359342596995, 6.777515528571182e-7, -0.3141302340422661],
      [-0.2123125958404537, 6.777515528571179e-7, -0.3141302340057984],
      [0.28935236004838943, 3.6150167597118213e-7, -0.3588390560679222],
      [3.615450513520251e-7, -0.28935376389805156, 0.35883909876405296],
      [6.776614177812494e-7, 0.21231354247824374, 0.314130290476325],
      [6.777616372352843e-7, -0.21231254496967367, 0.31413029047632496],
      [3.6161798657010323e-7, 0.2893526192281971, 0.3588390987640528]
    ],
    "energy_after": 3.2397314994742743,
    "energy_before": 6.434074588325977,
    "gradient_l2_norm": 0.704647156996433,
    "projection_iterations": 0,
    "projection_phi_norm": 2.5004180110325094e-7,
    "slope": 6.32797683823857,
    "tau": 1.0,
    "vertices": [
      [-1.2106464952818945, -3.6150167597118224e-7, 0.6588390562535011],
      [-0.7123135934259699, -6.777515528571182e-7, 0.6141302340422661],
      [0.7123125958404537, -6.777515528571179e-7, 0.6141302340057984],
      [1.2106476399516106, -3.6150167597118213e-7, 0.6588390560679223],
      [-3.615450513520251e-7, -1.2106462361019483, -0.6588390987640529],
      [-6.776614177812494e-7, -0.7123135424782437, -0.6141302904763251],
      [-6.777616372352843e-7, 0.7123125449696737, -0.614130290476325],
      [-3.6161798657010323e-7, 1.2106473807718028, -0.6588390987640528]
    ]
  },
  "objective_energy_initial": 6.434074588325977,
  "penalties": {
    "X": [0.0, 0.0, 0.0],
    "preset": "pen-length",
    "w_diff": 0.0,
    "w_field": 0.0,
    "w_length": 0.5
  },
  "penalty_energy_initial": 3.0,
  "saddle_relative_residual": 1.9426411369997668e-16,
  "x0_barycenter_target": [0.0, 0.0, -1.850371707708594e-17]
}
