{
  "A": [
    [
      4.699667478296504, -3.620836582093244, -0.7369452021504701, 0.7369452021504701,
      -0.139556064629649, -0.39985938347198113, -0.39985938347198113, -0.139556064629649
    ],
    [
      -3.620836582093244, 11.068512249859417, -3.6072382838186705, -0.7369452021504701,
      -0.39985938347198113, -1.1518867074265358, -1.1518867074265355, -0.39985938347198113
    ],
    [
      -0.7369452021504701, -3.6072382838186705, 11.068512249859419, -3.620836582093244,
      -0.39985938347198113, -1.1518867074265355, -1.1518867074265355, -0.39985938347198113
    ],
    [
      0.7369452021504701, -0.7369452021504701, -3.620836582093244, 4.699667478296504,
      -0.139556064629649, -0.39985938347198113, -0.39985938347198113, -0.139556064629649
    ],
    [
      -0.139556064629649, -0.39985938347198113, -0.39985938347198113, -0.139556064629649,
      4.699667478296504, -3.620836582093244, -0.7369452021504701, 0.7369452021504701
    ],
    [
      -0.39985938347198113, -1.1518867074265358, -1.1518867074265355, -0.39985938347198113,
      -3.620836582093244, 11.068512249859415, -3.6072382838186705, -0.7369452021504701
    ],
    [
      -0.39985938347198113, -1.1518867074265355, -1.1518867074265355, -0.39985938347198113,
      -0.7369452021504701, -3.6072382838186705, 11.068512249859419, -3.620836582093244
    ],
    [
      -0.139556064629649, -0.39985938347198113, -0.39985938347198113, -0.139556064629649,
      0.7369452021504701, -0.7369452021504701, -3.620836582093244, 4.699667478296504
    ]
  ],
  "A3": [
    [
      4.699667478296504, -3.620836582093244, -0.7369452021504701, 0.7369452021504701,
      -0.139556064629649, -0.39985938347198113, -0.39985938347198113, -0.139556064629649, 0.0, 0.0,
      0.0, 0.0, 0.0, 0.0, 0.0, 0.0, 0.0, 0.0, 0.0, 0.0, 0.0, 0.0, 0.0, 0.0
    ],
    [
      -3.620836582093244, 11.068512249859417, -3.6072382838186705, -0.7369452021504701,
      -0.39985938347198113, -1.1518867074265358, -1.1518867074265355, -0.39985938347198113, 0.0,
      0.0, 0.0, 0.0, 0.0, 0.0, 0.0, 0.0, 0.0, 0.0, 0.0, 0.0, 0.0, 0.0, 0.0, 0.0
    ],
    [
      -0.7369452021504701, -3.6072382838186705, 11.068512249859419, -3.620836582093244,
      -0.39985938347198113, -1.1518867074265355, -1.1518867074265355, -0.39985938347198113, 0.0,
      0.0, 0.0, 0.0, 0.0, 0.0, 0.0, 0.0, 0.0, 0.0, 0.0, 0.0, 0.0, 0.0, 0.0, 0.0
    ],
    [
      0.7369452021504701, -0.7369452021504701, -3.620836582093244, 4.699667478296504,
      -0.139556064629649, -0.39985938347198113, -0.39985938347198113, -0.139556064629649, 0.0, 0.0,
      0.0, 0.0, 0.0, 0.0, 0.0, 0.0, 0.0, 0.0, 0.0, 0.0, 0.0, 0.0, 0.0, 0.0
    ],
    [
      -0.139556064629649, -0.39985938347198113, -0.39985938347198113, -0.139556064629649,
      4.699667478296504, -3.620836582093244, -0.7369452021504701, 0.7369452021504701, 0.0, 0.0, 0.0,
      0.0, 0.0, 0.0, 0.0, 0.0, 0.0, 0.0, 0.0, 0.0, 0.0, 0.0, 0.0, 0.0
    ],
    [
      -0.39985938347198113, -1.1518867074265358, -1.1518867074265355, -0.39985938347198113,
      -3.620836582093244, 11.068512249859415, -3.6072382838186705, -0.7369452021504701, 0.0, 0.0,
      0.0, 0.0, 0.0, 0.0, 0.0, 0.0, 0.0, 0.0, 0.0, 0.0, 0.0, 0.0, 0.0, 0.0
    ],
    [
      -0.39985938347198113, -1.1518867074265355, -1.1518867074265355, -0.39985938347198113,
      -0.7369452021504701, -3.6072382838186705, 11.068512249859419, -3.620836582093244, 0.0, 0.0,
      0.0, 0.0, 0.0, 0.0, 0.0, 0.0, 0.0, 0.0, 0.0, 0.0, 0.0, 0.0, 0.0, 0.0
    ],
    [
      -0.139556064629649, -0.39985938347198113, -0.39985938347198113, -0.139556064629649,
      0.7369452021504701, -0.7369452021504701, -3.620836582093244, 4.699667478296504, 0.0, 0.0, 0.0,
      0.0, 0.0, 0.0, 0.0, 0.0, 0.0, 0.0, 0.0, 0.0, 0.0, 0.0, 0.0, 0.0
    ],
    [
      0.0, 0.0, 0.0, 0.0, 0.0, 0.0, 0.0, 0.0, 4.699667478296504, -3.620836582093244,
      -0.7369452021504701, 0.7369452021504701, -0.139556064629649, -0.39985938347198113,
      -0.39985938347198113, -0.139556064629649, 0.0, 0.0, 0.0, 0.0, 0.0, 0.0, 0.0, 0.0
    ],
    [
      0.0, 0.0, 0.0, 0.0, 0.0, 0.0, 0.0, 0.0, -3.620836582093244, 11.068512249859417,
      -3.6072382838186705, -0.7369452021504701, -0.39985938347198113, -1.1518867074265358,
      -1.1518867074265355, -0.39985938347198113, 0.0, 0.0, 0.0, 0.0, 0.0, 0.0, 0.0, 0.0
    ],
    [
      0.0, 0.0, 0.0, 0.0, 0.0, 0.0, 0.0, 0.0, -0.7369452021504701, -3.6072382838186705,
      11.068512249859419, -3.620836582093244, -0.39985938347198113, -1.1518867074265355,
      -1.1518867074265355, -0.39985938347198113, 0.0, 0.0, 0.0, 0.0, 0.0, 0.0, 0.0, 0.0
    ],
    [
      0.0, 0.0, 0.0, 0.0, 0.0, 0.0, 0.0, 0.0, 0.7369452021504701, -0.7369452021504701,
      -3.620836582093244, 4.699667478296504, -0.139556064629649, -0.39985938347198113,
      -0.39985938347198113, -0.139556064629649, 0.0, 0.0, 0.0, 0.0, 0.0, 0.0, 0.0, 0.0
    ],
    [
      0.0, 0.0, 0.0, 0.0, 0.0, 0.0, 0.0, 0.0, -0.139556064629649, -0.39985938347198113,
      -0.39985938347198113, -0.139556064629649, 4.699667478296504, -3.620836582093244,
      -0.7369452021504701, 0.7369452021504701, 0.0, 0.0, 0.0, 0.0, 0.0, 0.0, 0.0, 0.0
    ],
    [
      0.0, 0.0, 0.0, 0.0, 0.0, 0.0, 0.0, 0.0, -0.39985938347198113, -1.1518867074265358,
      -1.1518867074265355, -0.39985938347198113, -3.620836582093244, 11.068512249859415,
      -3.6072382838186705, -0.7369452021504701, 0.0, 0.0, 0.0, 0.0, 0.0, 0.0, 0.0, 0.0
    ],
    [
      0.0, 0.0, 0.0, 0.0, 0.0, 0.0, 0.0, 0.0, -0.39985938347198113, -1.1518867074265355,
      -1.1518867074265355, -0.39985938347198113, -0.7369452021504701, -3.6072382838186705,
      11.068512249859419, -3.620836582093244, 0.0, 0.0, 0.0, 0.0, 0.0, 0.0, 0.0, 0.0
    ],
    [
      0.0, 0.0, 0.0, 0.0, 0.0, 0.0, 0.0, 0.0, -0.139556064629649, -0.39985938347198113,
      -0.39985938347198113, -0.139556064629649, 0.7369452021504701, -0.7369452021504701,
      -3.620836582093244, 4.699667478296504, 0.0, 0.0, 0.0, 0.0, 0.0, 0.0, 0.0, 0.0
    ],
    [
      0.0, 0.0, 0.0, 0.0, 0.0, 0.0, 0.0, 0.0, 0.0, 0.0, 0.0, 0.0, 0.0, 0.0, 0.0, 0.0,
      4.699667478296504, -3.620836582093244, -0.7369452021504701, 0.7369452021504701,
      -0.139556064629649, -0.39985938347198113, -0.39985938347198113, -0.139556064629649
    ],
    [
      0.0, 0.0, 0.0, 0.0, 0.0, 0.0, 0.0, 0.0, 0.0, 0.0, 0.0, 0.0, 0.0, 0.0, 0.0, 0.0,
      -3.620836582093244, 11.068512249859417, -3.6072382838186705, -0.7369452021504701,
      -0.39985938347198113, -1.1518867074265358, -1.1518867074265355, -0.39985938347198113
    ],
    [
      0.0, 0.0, 0.0, 0.0, 0.0, 0.0, 0.0, 0.0, 0.0, 0.0, 0.0, 0.0, 0.0, 0.0, 0.0, 0.0,
      -0.7369452021504701, -3.6072382838186705, 11.068512249859419, -3.620836582093244,
      -0.39985938347198113, -1.1518867074265355, -1.1518867074265355, -0.39985938347198113
    ],
    [
      0.0, 0.0, 0.0, 0.0, 0.0, 0.0, 0.0, 0.0, 0.0, 0.0, 0.0, 0.0, 0.0, 0.0, 0.0, 0.0,
      0.7369452021504701, -0.7369452021504701, -3.620836582093244, 4.699667478296504,
      -0.139556064629649, -0.39985938347198113, -0.39985938347198113, -0.139556064629649
    ],
    [
      0.0, 0.0, 0.0, 0.0, 0.0, 0.0, 0.0, 0.0, 0.0, 0.0, 0.0, 0.0, 0.0, 0.0, 0.0, 0.0,
      -0.139556064629649, -0.39985938347198113, -0.39985938347198113, -0.139556064629649,
      4.699667478296504, -3.620836582093244, -0.7369452021504701, 0.7369452021504701
    ],
    [
      0.0, 0.0, 0.0, 0.0, 0.0, 0.0, 0.0, 0.0, 0.0, 0.0, 0.0, 0.0, 0.0, 0.0, 0.0, 0.0,
      -0.39985938347198113, -1.1518867074265358, -1.1518867074265355, -0.39985938347198113,
      -3.620836582093244, 11.068512249859415, -3.6072382838186705, -0.7369452021504701
    ],
    [
      0.0, 0.0, 0.0, 0.0, 0.0, 0.0, 0.0, 0.0, 0.0, 0.0, 0.0, 0.0, 0.0, 0.0, 0.0, 0.0,
      -0.39985938347198113, -1.1518867074265355, -1.1518867074265355, -0.39985938347198113,
      -0.7369452021504701, -3.6072382838186705, 11.068512249859419, -3.620836582093244
    ],
    [
      0.0, 0.0, 0.0, 0.0, 0.0, 0.0, 0.0, 0.0, 0.0, 0.0, 0.0, 0.0, 0.0, 0.0, 0.0, 0.0,
