{
  "C_stacked": [
    [
      1.5, 0.0, 0.0, 1.5, 0.5, 1.0, 1.0, 0.5, 0.0, 0.0, 0.0, 0.0, 0.0, 0.0, 0.0, 0.0, 0.0, 0.0, 0.0,
      0.0, 0.0, 0.0, 0.0, 0.0
    ],
    [
      0.0, 0.0, 0.0, 0.0, 0.0, 0.0, 0.0, 0.0, 0.5, 1.0, 1.0, 0.5, 1.5, 0.0, 0.0, 1.5, 0.0, 0.0, 0.0,
      0.0, 0.0, 0.0, 0.0, 0.0
    ],
    [
      -0.3, 0.0, 0.0, 0.3, 0.0, 0.0, 0.0, 0.0, 0.0, 0.0, 0.0, 0.0, 0.3, 0.0, 0.0, -0.3, 0.5, 1.0,
      1.0, 0.5, 0.5, 1.0, 1.0, 0.5
    ],
    [
      1.0, 0.0, 0.0, -1.0, 0.0, 0.0, 0.0, 0.0, 0.0, 0.0, 0.0, 0.0, 1.0, 0.0, 0.0, -1.0, 0.0, 0.0,
      0.0, 0.0, 0.0, 0.0, 0.0, 0.0
    ]
  ],
  "L0_total_length_target": 6.0,
  "Phi_stacked": [0.0, 0.0, -1.1102230246251565e-16, 0.0],
  "alpha": 3.0,
  "beta": 6.0,
  "block_kinds": ["barycenter", "totalLength"],
  "block_row_counts": [3, 1],
  "block_scales": [9.178235124467012, 6.0],
  "conventions": {
    "constraint_set": ["barycenter", "totalLength"],
    "degenerate_unit_tangent_tol": 1e-14,
    "flattening": "coordinate-block: [x0..xN-1, y0..yN-1, z0..zN-1]",
    "per_block_projection_tolerance": "spec \u00a73.3 (our invention, not paper)",
    "row_order": "barycenter rows 0..2, totalLength row 3"
  },
  "dE": [
    [-0.7394135086435938, 5.266898028821743e-7, -0.6576679445480238],
    [2.7835823241950663, 4.74909001013657e-6, -1.2618281113319085],
    [-2.7835761722272423, 4.74909001013657e-6, -1.2618281113319085],
    [0.7394135033145233, 5.266898028821743e-7, -0.6576679441039346],
    [5.271338920920243e-7, -0.7394135086435938, 0.6576689277615344],
    [4.7482018317168695e-6, 2.7835823241950663, 1.2618302291933503],
    [4.74909001013657e-6, -2.7835761726713315, 1.2618302291933503],
    [5.271338920920243e-7, 0.7394135033145233, 0.6576689277615344]
  ],
  "dE_flat": [
    -0.7394135086435938, 2.7835823241950663, -2.7835761722272423, 0.7394135033145233,
    5.271338920920243e-7, 4.7482018317168695e-6, 4.74909001013657e-6, 5.271338920920243e-7,
    5.266898028821743e-7, 4.74909001013657e-6, 4.74909001013657e-6, 5.266898028821743e-7,
    -0.7394135086435938, 2.7835823241950663, -2.7835761726713315, 0.7394135033145233,
    -0.6576679445480238, -1.2618281113319085, -1.2618281113319085, -0.6576679441039346,
    0.6576689277615344, 1.2618302291933503, 1.2618302291933503, 0.6576689277615344
  ],
  "energy": 3.434074588325977,
  "epsilon": 1e-10,
  "finite_difference_h": 1e-6,
  "g_tilde": [
    [-3.119789488771401e-7, 2.547311282422119e-7, -0.25285492080831273],
    [0.1896723893810406, 4.775757048939075e-7, -0.22135097634450696],
    [-0.1896716864352426, 4.775757048939074e-7, -0.22135097631881015],
    [-4.94609312146066e-7, 2.547311282422118e-7, -0.25285492067754506],
    [2.5476169254051717e-7, -4.94609360995879e-7, 0.25285495076325204],
    [4.775121914182738e-7, 0.18967235348087014, 0.221351016110606],
    [4.775828107712959e-7, -0.18967165058929214, 0.22135101611060595],
    [2.5481308612888026e-7, -3.1197899760804226e-7, 0.25285495076325193]
  ],
  "g_tilde_flat": [
    -3.119789488771401e-7, 0.1896723893810406, -0.1896716864352426, -4.94609312146066e-7,
    2.5476169254051717e-7, 4.775121914182738e-7, 4.775828107712959e-7, 2.5481308612888026e-7,
    2.547311282422119e-7, 4.775757048939075e-7, 4.775757048939074e-7, 2.547311282422118e-7,
    -4.94609360995879e-7, 0.18967235348087014, -0.18967165058929214, -3.1197899760804226e-7,
    -0.25285492080831273, -0.22135097634450696, -0.22135097631881015, -0.25285492067754506,
    0.25285495076325204, 0.221351016110606, 0.22135101611060595, 0.25285495076325193
  ],
  "gradient_l2_norm": 0.6839284990582544,
  "lambda": [
    2.7830330635580935e-6, 2.7829590485625793e-6, 1.033765665752681e-6, -0.1924200025665948
  ],
  "line_search_step": {
    "accepted": true,
    "direction": [
      [-4.5615725811502843e-7, 3.724528639952389e-7, -0.36970958390604447],
      [0.2773278049419097, 6.9828308887773e-7, -0.3236463704163513],
      [-0.27732677713593434, 6.982830888777299e-7, -0.3236463703787789],
      [-7.231886269209804e-7, 3.7245286399523876e-7, -0.36970958371484364],
      [3.724975533134167e-7, -7.23188698346302e-7, 0.36970962770439375],
      [6.981902232116243e-7, 0.2773277524507932, 0.323646428560001],
      [6.982934786734442e-7, -0.27732672472409525, 0.32364642856000087],
      [3.725726979936484e-7, -4.5615732936648556e-7, 0.3697096277043936]
    ],
    "energy_after": 0.9618059578360703,
    "energy_before": 3.434074588325977,
    "gradient_l2_norm": 0.6839284990582544,
    "projection_iterations": 1,
    "projection_phi_norm": 4.995480539728275e-10,
    "slope": 5.693980901018789,
    "tau": 1.0,
    "vertices": [
      [-1.4985338287905359, -3.563323997933115e-7, 0.6696774959498825],
      [-0.7766803611851228, -6.816613881550892e-7, 0.6236536769174116],
      [0.776679367744347, -6.816613530471463e-7, 0.6236536768974079],
      [1.4985350396294936, -3.563323329596559e-7, 0.6696774957632803],
      [-3.5638091363770754e-7, -1.4985335622407612, -0.669677599292294],
      [-6.815725842105747e-7, -0.7766803087855243, -0.6236537945877949],
      [-6.816756517111429e-7, 0.7766793154317582, -0.6236537946053433],
      [-3.564559374494575e-7, 1.498534773087592, -0.669677599296692]
    ]
  },
  "saddle_relative_residual": 1.5830083544943302e-16,
  "x0_barycenter_target": [0.0, 0.0, -1.850371707708594e-17]
}
