{
  "C_stacked": [
    [
      1.5, 0.0, 0.0, 1.5, 0.5, 1.0, 1.0, 0.5, 0.0, 0.0, 0.0, 0.0, 0.0, 0.0, 0.0, 0.0, 0.0, 0.0, 0.0,
      0.0, 0.0, 0.0, 0.0, 0.0
    ],
    [
      0.0, 0.0, 0.0, 0.0, 0.0, 0.0, 0.0, 0.0, 0.5, 1.0, 1.0, 0.5, 1.5, 0.0, 0.0, 1.5, 0.0, 0.0, 0.0,
      0.0, 0.0, 0.0, 0.0, 0.0
    ],
    [
      -0.3, 0.0, 0.0, 0.3, 0.0, 0.0, 0.0, 0.0, 0.0, 0.0, 0.0, 0.0, 0.3, 0.0, 0.0, -0.3, 0.5, 1.0,
      1.0, 0.5, 0.5, 1.0, 1.0, 0.5
    ],
    [
      1.0, 0.0, 0.0, -1.0, 0.0, 0.0, 0.0, 0.0, 0.0, 0.0, 0.0, 0.0, 1.0, 0.0, 0.0, -1.0, 0.0, 0.0,
      0.0, 0.0, 0.0, 0.0, 0.0, 0.0
    ]
  ],
  "L0_total_length_target": 6.0,
  "Phi_stacked": [0.0, 0.0, -1.1102230246251565e-16, 0.0],
  "alpha": 3.0,
  "beta": 6.0,
  "block_kinds": ["barycenter", "totalLength"],
  "block_row_counts": [3, 1],
  "block_scales": [9.178235124467012, 6.0],
  "conventions": {
    "constraint_set": ["barycenter", "totalLength"],
    "degenerate_unit_tangent_tol": 1e-14,
    "flattening": "coordinate-block: [x0..xN-1, y0..yN-1, z0..zN-1]",
    "penalties": "objective = E_tpe + penalties; dE/dE_flat are the TOTAL differential (docs/superpowers/plans/2026-07-03-sobolev-penalties.md \u00a72.4)",
    "per_block_projection_tolerance": "rule: spec \u00a73.3 (ours); value 1e-4: reference backproj_threshold (tpe_flow_sc.cpp:15)",
    "row_order": "barycenter rows 0..2, totalLength row 3"
  },
  "dE": [
    [-1.1144135086435938, 5.266898028821743e-7, -0.40766794454802385],
    [2.7835823241950663, 4.74909001013657e-6, -1.2618281113319085],
    [-2.7835761722272423, 4.74909001013657e-6, -1.2618281113319085],
    [1.1144135033145233, 5.266898028821743e-7, -0.9076679441039346],
    [5.271338920920243e-7, -1.2394135086435938, 0.6576689277615344],
    [4.7482018317168695e-6, 2.7835823241950663, 1.2618302291933503],
    [4.74909001013657e-6, -2.7835761726713315, 1.2618302291933503],
    [5.271338920920243e-7, 1.2394135033145233, 0.6576689277615344]
  ],
  "dE_flat": [
    -1.1144135086435938, 2.7835823241950663, -2.7835761722272423, 1.1144135033145233,
    5.271338920920243e-7, 4.7482018317168695e-6, 4.74909001013657e-6, 5.271338920920243e-7,
    5.266898028821743e-7, 4.74909001013657e-6, 4.74909001013657e-6, 5.266898028821743e-7,
    -1.2394135086435938, 2.7835823241950663, -2.7835761726713315, 1.2394135033145233,
    -0.40766794454802385, -1.2618281113319085, -1.2618281113319085, -0.9076679441039346,
    0.6576689277615344, 1.2618302291933503, 1.2618302291933503, 0.6576689277615344
  ],
  "dE_penalty_flat": [
    -0.37500000000000006, 0.0, 0.0, 0.37500000000000006, 0.0, 0.0, 0.0, 0.0, 0.0, 0.0, 0.0, 0.0,
    -0.5, 0.0, 0.0, 0.5, 0.24999999999999994, 0.0, 0.0, -0.24999999999999994, 0.0, 0.0, 0.0, 0.0
  ],
  "dE_tpe_flat": [
    -0.7394135086435938, 2.7835823241950663, -2.7835761722272423, 0.7394135033145233,
    5.271338920920243e-7, 4.7482018317168695e-6, 4.74909001013657e-6, 5.271338920920243e-7,
    5.266898028821743e-7, 4.74909001013657e-6, 4.74909001013657e-6, 5.266898028821743e-7,
    -0.7394135086435938, 2.7835823241950663, -2.7835761726713315, 0.7394135033145233,
    -0.6576679445480238, -1.2618281113319085, -1.2618281113319085, -0.6576679441039346,
    0.6576689277615344, 1.2618302291933503, 1.2618302291933503, 0.6576689277615344
  ],
  "energy": 3.434074588325977,
  "epsilon": 1e-10,
  "finite_difference_h": 1e-6,
  "g_tilde": [
    [0.018403602167437395, 2.547311282213039e-7, -0.17555848139349065],
    [0.19328889194029114, 4.77575704873313e-7, -0.20320418327822737],
    [-0.19328818899449324, 4.775757048733129e-7, -0.2321362037265353],
    [-0.01840440875569843, 2.5473112822130384e-7, -0.32278979443381267],
    [2.547616925335783e-7, -0.018404408755747226, 0.2565357335925293],
    [4.775121914309167e-7, 0.18605585092161953, 0.22503179893988326],
    [4.775828107796044e-7, -0.18605514803004164, 0.22503179893988323],
    [2.5481308612611083e-7, 0.01840360216738854, 0.25653573359252924]
  ],
  "g_tilde_flat": [
    0.018403602167437395, 0.19328889194029114, -0.19328818899449324, -0.01840440875569843,
    2.547616925335783e-7, 4.775121914309167e-7, 4.775828107796044e-7, 2.5481308612611083e-7,
    2.547311282213039e-7, 4.77575704873313e-7, 4.775757048733129e-7, 2.5473112822130384e-7,
    -0.018404408755747226, 0.18605585092161953, -0.18605514803004164, 0.01840360216738854,
    -0.17555848139349065, -0.20320418327822737, -0.2321362037265353, -0.32278979443381267,
    0.2565357335925293, 0.22503179893988326, 0.22503179893988323, 0.25653573359252924
  ],
  "gradient_l2_norm": 0.6887721024465882,
  "lambda": [2.783033063336049e-6, 2.7829590485380006e-6, 1.033765665740689e-6, -0.629920002566595],
  "line_search_step": {
    "accepted": true,
    "direction": [
      [0.026719436083525942, 3.698336900064233e-7, -0.2548861673837967],
      [0.28062822413060784, 6.933726020216496e-7, -0.29502382944434824],
      [-0.28062720355240006, 6.933726020216495e-7, -0.33702904473332185],
      [-0.026720607135980262, 3.6983369000642317e-7, -0.4686452794577926],
      [3.698780650793477e-7, -0.026720607136051105, 0.3724537226192647],
      [6.932803894564619e-7, 0.2701268681770506, 0.3267144504554519],
      [6.933829187959006e-7, -0.27012584767756265, 0.32671445045545183],
      [3.699526813310077e-7, 0.02671943608345501, 0.37245372261926457]
    ],
    "energy_after": 5.809892641554688,
    "energy_before": 6.059074588325977,
    "gradient_l2_norm": 0.6887721024465882,
    "projection_iterations": 1,
    "projection_phi_norm": 3.4787160918767647e-7,
    "slope": 5.71405933797518,
    "tau": 0.25,
    "vertices": [
      [-1.5065648088762613, -9.086585277496673e-8, 0.3633106283644289],
      [-0.570194599732096, -1.717329496232014e-7, 0.37334284691222297],
      [0.5700129911599574, -1.7173298185370275e-7, 0.3838434856624003],
      [1.5063814911261935, -9.086605478515702e-8, 0.41674235200281473],
      [-8.960454486097988e-5, -1.493116164601738, -0.3935260911523633],
      [-8.969951543219886e-5, -0.5674788543439399, -0.3820927352354775],
      [-8.969954105521948e-5, 0.5674786024755063, -0.3820927352355748],
      [-8.96045635184004e-5, 1.493116460514533, -0.3935260911523247]
    ]
  },
  "objective_energy_initial": 6.059074588325977,
  "penalties": {
    "X": [0.7071067811865475, 0.0, 0.7071067811865475],
    "preset": "pen-combo",
    "w_diff": 5.0,
    "w_field": 0.25,
    "w_length": 0.25
  },
  "penalty_energy_initial": 2.625,
  "saddle_relative_residual": 1.3058842790085667e-16,
  "x0_barycenter_target": [0.0, 0.0, -1.850371707708594e-17]
}
