{
  "C_stacked": [
    [
      1.5, 0.0, 0.0, 1.5, 0.5, 1.0, 1.0, 0.5, 0.0, 0.0, 0.0, 0.0, 0.0, 0.0, 0.0, 0.0, 0.0, 0.0, 0.0,
      0.0, 0.0, 0.0, 0.0, 0.0
    ],
    [
      0.0, 0.0, 0.0, 0.0, 0.0, 0.0, 0.0, 0.0, 0.5, 1.0, 1.0, 0.5, 1.5, 0.0, 0.0, 1.5, 0.0, 0.0, 0.0,
      0.0, 0.0, 0.0, 0.0, 0.0
    ],
    [
      -0.3, 0.0, 0.0, 0.3, 0.0, 0.0, 0.0, 0.0, 0.0, 0.0, 0.0, 0.0, 0.3, 0.0, 0.0, -0.3, 0.5, 1.0,
      1.0, 0.5, 0.5, 1.0, 1.0, 0.5
    ],
    [
      1.0, -1.0, 0.0, 0.0, 0.0, 0.0, 0.0, 0.0, 0.0, 0.0, 0.0, 0.0, 0.0, 0.0, 0.0, 0.0, 0.0, 0.0,
      0.0, 0.0, 0.0, 0.0, 0.0, 0.0
    ],
    [
      0.0, 1.0, -1.0, 0.0, 0.0, 0.0, 0.0, 0.0, 0.0, 0.0, 0.0, 0.0, 0.0, 0.0, 0.0, 0.0, 0.0, 0.0,
      0.0, 0.0, 0.0, 0.0, 0.0, 0.0
    ],
    [
      0.0, 0.0, 1.0, -1.0, 0.0, 0.0, 0.0, 0.0, 0.0, 0.0, 0.0, 0.0, 0.0, 0.0, 0.0, 0.0, 0.0, 0.0,
      0.0, 0.0, 0.0, 0.0, 0.0, 0.0
    ],
    [
      0.0, 0.0, 0.0, 0.0, 0.0, 0.0, 0.0, 0.0, 0.0, 0.0, 0.0, 0.0, 1.0, -1.0, 0.0, 0.0, 0.0, 0.0,
      0.0, 0.0, 0.0, 0.0, 0.0, 0.0
    ],
    [
      0.0, 0.0, 0.0, 0.0, 0.0, 0.0, 0.0, 0.0, 0.0, 0.0, 0.0, 0.0, 0.0, 1.0, -1.0, 0.0, 0.0, 0.0,
      0.0, 0.0, 0.0, 0.0, 0.0, 0.0
    ],
    [
      0.0, 0.0, 0.0, 0.0, 0.0, 0.0, 0.0, 0.0, 0.0, 0.0, 0.0, 0.0, 0.0, 0.0, 1.0, -1.0, 0.0, 0.0,
      0.0, 0.0, 0.0, 0.0, 0.0, 0.0
    ]
  ],
  "Phi_stacked": [0.0, 0.0, -1.1102230246251565e-16, 0.0, 0.0, 0.0, 0.0, 0.0, 0.0],
  "alpha": 3.0,
  "beta": 6.0,
  "block_kinds": ["barycenter", "edgeLengths"],
  "block_row_counts": [3, 6],
  "block_scales": [9.178235124467012, 6.0],
  "conventions": {
    "constraint_set": ["barycenter", "edgeLengths"],
    "degenerate_unit_tangent_tol": 1e-14,
    "flattening": "coordinate-block: [x0..xN-1, y0..yN-1, z0..zN-1]",
    "per_block_projection_tolerance": "spec \u00a73.3 (our invention, not paper)",
    "row_order": "barycenter rows 0..2, edgeLengths rows 3..2+|E| (edge order)"
  },
  "dE": [
    [-0.7394135086435938, 5.266898028821743e-7, -0.6576679445480238],
    [2.7835823241950663, 4.74909001013657e-6, -1.2618281113319085],
    [-2.7835761722272423, 4.74909001013657e-6, -1.2618281113319085],
    [0.7394135033145233, 5.266898028821743e-7, -0.6576679441039346],
    [5.271338920920243e-7, -0.7394135086435938, 0.6576689277615344],
    [4.7482018317168695e-6, 2.7835823241950663, 1.2618302291933503],
    [4.74909001013657e-6, -2.7835761726713315, 1.2618302291933503],
    [5.271338920920243e-7, 0.7394135033145233, 0.6576689277615344]
  ],
  "dE_flat": [
    -0.7394135086435938, 2.7835823241950663, -2.7835761722272423, 0.7394135033145233,
    5.271338920920243e-7, 4.7482018317168695e-6, 4.74909001013657e-6, 5.271338920920243e-7,
    5.266898028821743e-7, 4.74909001013657e-6, 4.74909001013657e-6, 5.266898028821743e-7,
    -0.7394135086435938, 2.7835823241950663, -2.7835761726713315, 0.7394135033145233,
    -0.6576679445480238, -1.2618281113319085, -1.2618281113319085, -0.6576679441039346,
    0.6576689277615344, 1.2618302291933503, 1.2618302291933503, 0.6576689277615344
  ],
  "ell0_edge_length_targets": [1.0, 1.0, 1.0, 1.0, 1.0, 1.0],
  "energy": 3.434074588325977,
  "epsilon": 1e-10,
  "finite_difference_h": 1e-6,
  "g_tilde": [
    [-1.232613166311952e-7, -2.5210925456665372e-8, -0.2528549390713491],
    [-1.2326131666100478e-7, 1.9751257131105976e-7, -0.2213509946075433],
    [-1.2326131666064672e-7, 1.9751257131105976e-7, -0.22135099458184646],
    [-1.2326131668127793e-7, -2.521092545666534e-8, -0.25285493894058136],
    [-2.5190398489360888e-8, -1.232714057219919e-7, 0.25285493250021573],
    [1.9743901617474756e-7, -1.2327140570518995e-7, 0.2213509978475697],
    [1.975096355301341e-7, -1.2327140569423634e-7, 0.22135099784756965],
    [-2.5139004889356933e-8, -1.232714057219919e-7, 0.2528549325002157]
  ],
  "g_tilde_flat": [
    -1.232613166311952e-7, -1.2326131666100478e-7, -1.2326131666064672e-7, -1.2326131668127793e-7,
    -2.5190398489360888e-8, 1.9743901617474756e-7, 1.975096355301341e-7, -2.5139004889356933e-8,
    -2.5210925456665372e-8, 1.9751257131105976e-7, 1.9751257131105976e-7, -2.521092545666534e-8,
    -1.232714057219919e-7, -1.2327140570518995e-7, -1.2327140569423634e-7, -1.232714057219919e-7,
    -0.2528549390713491, -0.2213509946075433, -0.22135099458184646, -0.25285493894058136,
    0.25285493250021573, 0.2213509978475697, 0.22135099784756965, 0.2528549325002157
  ],
  "gradient_l2_norm": 0.5690837295003244,
  "lambda": [
    2.783033063280538e-6, 2.7829590485417555e-6, 1.033765665707862e-6, -0.7394170891852213,
    2.0441660523617955, -0.7394093025134966, -0.7394177093050301, 2.0441654323244407,
    -0.7394099229124864
  ],
  "line_search_step": {
    "accepted": true,
    "direction": [
      [-2.1659610043573551e-7, -4.4300907142085146e-8, -0.44431939618685756],
      [-2.1659610048811722e-7, 3.4707119721114287e-7, -0.3889603289166206],
      [-2.1659610048748804e-7, 3.4707119721114287e-7, -0.3889603288714658],
      [-2.1659610052374142e-7, -4.4300907142085086e-8, -0.4443193959570711],
      [-4.426483693617273e-8, -2.166138290937057e-7, 0.44431938463999193],
      [3.4694194534098875e-7, -2.1661382906418111e-7, 0.38896033461002955],
      [3.470660384255838e-7, -2.1661382904493332e-7, 0.38896033461002943],
      [-4.417452755402068e-8, -2.166138290937057e-7, 0.4443193846399918]
    ],
    "energy_after": 1.1657246892335105,
    "energy_before": 3.434074588325977,
    "gradient_l2_norm": 0.5690837295003244,
    "projection_iterations": 2,
    "projection_phi_norm": 5.878895057409351e-16,
    "slope": 3.1320653249601595,
    "tau": 1.0,
    "vertices": [
      [-1.4984686591607221, 4.4091432687327724e-8, 0.7442883480954439],
      [-0.4999997835112605, -3.468071057920886e-7, 0.6889719458340213],
      [0.5000002164887396, -3.4680711398528336e-7, 0.6889719457951627],
      [1.4984690921461028, 4.409140306730412e-8, 0.7442883479139597],
      [4.405525958862292e-8, -1.4984686600943837, -0.744288336575669],
      [-3.466781645944972e-7, -0.49999978349202445, -0.688971951514188],
      [-3.468021289319902e-7, 0.5000002165079757, -0.6889719515205439],
      [4.3964988885296046e-8, 1.498469093108085, -0.7442883366226378]
    ]
  },
  "saddle_relative_residual": 1.9675800070985072e-16,
  "x0_barycenter_target": [0.0, 0.0, -1.850371707708594e-17]
}
